{

  "list": [
    {
      "A": "古代会计",
      "B": "近代会计",
      "C": "现代会计",
      "D": "当代会计",
      "da": ["A","B","C"],
      "id": "0b01ecd157c270010157c271d6e2000f",
      "txing": "duoxuan",
      "name": "会计是随着人类社会生产的发展和经济管理的需要而产生、发展并不",
      "selected": [],
      "tg": "会计是随着人类社会生产的发展和经济管理的需要而产生、发展并不断得到完善。其中，会计的发展可划分为（    ）阶段。",
      "txi": "题目解析: 会计是随着人类社会生产的发展和经济管理的需要而产生、发展并不断得到完善。其中，会计的发展可划分为古代会计、近代会计和现代会计三个阶段。",
      "isReaded": false,
      "isCollection": 0
    },
    {
      "A": "会计对象是指会计所要核算与监督的内容",
      "B": "特定主体能够以货币表现的经济活动，都是会计核算和监督的内容",
      "C": "会计对象是指企业日常进行的所有经济活动",
      "D": "会计对象就是社会再生产过程中的资金运动",
      "da": ["C"],
      "id": "0b01ecd157c270010157c271d57a0003",
      "txing": "danxuan",
      "name": "下面关于会计对象说法不正确的是(    )。",
      "selected": [],
      "tg": "下面关于会计对象说法不正确的是(    )。",
      "txi": "题目解析: 会计对象是指会计核算和监督的内容。凡是特定主体能够以货币表现的经济活动，都是会计核算和监督的内容，即会计对象。以货币表现的经济活动，通常又称为价值运动或资金运动。选项ABD说法正确。故选择C。?",
      "isReaded": false,
      "isCollection": 0
    },
    {
      "A": "偿还各项债务",
      "B": "接受投资",
      "C": "购置固定资产",
      "D": "向银行借款",
      "da": ["A","B","C"],
      "id": "0b01ecd157c270010157c271d6e2000e",
      "txing": "duoxuan",
      "name": "资金投入是资金运动的起点，主要包括（    ）。",
      "selected": [],
      "tg": "资金投入是资金运动的起点，主要包括（    ）。",
      "txi": "题目解析: 资金的投入包括企业所有者投入的资金和债权人投入的资金两部分，B属于前者，D属于后者。故选择BD。",
      "isReaded": false,
      "isCollection": 0
    },
    {
      "A": "会计最早可追溯到原始社会",
      "B": "古代会计以复式记账法的产生和“簿记论”的问世为标志?",
      "C": "现代会计阶段，会计正式划分为财务会计和管理会计",
      "D": "会计是随着社会生产力的不断发展而形成的",
      "da": ["B"],
      "id": "0b01ecd157c270010157c271d55b0001",
      "txing": "danxuan",
      "name": "下列关于会计的发展历程中，表述不正确的是(    )。",
      "selected": [],
      "tg": "下列关于会计的发展历程中，表述不正确的是(    )。",
      "txi": "题目解析: 近代会计以复式记账法的产生和“簿记论”的问世为标志。",
      "isReaded": false,
      "isCollection": 0
    },
    {
      "A": "资金循环",
      "B": "资金周转??",
      "C": "资金运动",
      "D": "资金投入和退出?",
      "da": ["A"],
      "id": "0b01ecd157c270010157c271d56b0002",
      "txing": "danxuan",
      "name": "资金运动从货币资金形态开始又回到货币资金形态，我们称之为完成",
      "selected": [],
      "tg": "资金运动从货币资金形态开始又回到货币资金形态，我们称之为完成了(    )。",
      "txi": "题目解析: 资金运动从货币资金形态开始又回到货币资金形态，我们称之为完成了一次资金循环，资金的不断循环就是资金周转。资金运动总是处于相对静止的状态，即企业的资金在任何一时点上均表现为资金占用和资金来源两方面，这两个方面既相互联系，又相互制约。故选择A。"
    },
    {
      "A": "会计目标也称会计目的?",
      "B": "会计目标是要求会计工作完成的任务或达到的标准",
      "C": "会计目标之一反映企业管理层受托责任履行情况",
      "D": "会计目标之一是向财务会计报告使用者提供决策有关信息",
      "da": ["A","B","C","D"],
      "id": "0b01ecd157c270010157c271d6d2000d",
      "txing": "duoxuan",
      "name": "下列关于会计目标的表述中，正确的有(    )。",
      "selected": [],
      "tg": "下列关于会计目标的表述中，正确的有(    )。",
      "txi": "题目解析: 以上说法全部正确。故选择ABCD。"
    },
    {
      "da":  ["A"],
      "id": "0b01ecd157c270010157c271d81a001d",
      "txing": "panduan",
      "name": "会计的本质是一种管理活动。",
      "selected": [],
      "tg": "会计的本质是一种管理活动。",
      "txi": "题目解析: 会计的基本特征之一为会计的本质就是管理活动。"
    },
    {
      "da":  ["B"],
      "id": "0b01ecd157c270010157c271d82a001e",
      "txing": "panduan",
      "name": "以银行存款购买原材料，是资金投入的具体表现。",
      "selected": [],
      "tg": "以银行存款购买原材料，是资金投入的具体表现。",
      "txi": "题目解析: 以银行存款购买原材料，是资金运用的具体表现。"
    },
    {
      "da":  ["B"],
      "id": "0b01ecd157c270010157c271d81a001d",
      "txing": "panduan",
      "name": "会计是以货币为唯一的度量单位，反映和监督一个单位经济活动的一",
      "selected": [],
      "tg": "会计是以货币为唯一的度量单位，反映和监督一个单位经济活动的一种经济管理工作。",
      "txi": "题目解析: 会计以货币为主要计量单位，各项经济业务以货币为统一的计量单位才能够汇总和记录，但货币并不是唯一的计量单位。"
    },
    {
      "da":  ["B"],
      "id": "0b01ecd157c270010157c271d81a001d",
      "txing": "panduan",
      "name": "会计是以货币为唯一的度量单位，反映和监督一个单位经济活动的一",
      "selected": [],
      "tg": "会计是以货币为唯一的度量单位，反映和监督一个单位经济活动的一种经济管理工作。",
      "txi": "题目解析: 会计以货币为主要计量单位，各项经济业务以货币为统一的计量单位才能够汇总和记录，但货币并不是唯一的计量单位。"
    }
  ]
}
